zip_code,boroname,total_population,median_household_income,median_household_income_filled,nearest_tj_distance_miles,subway_station_count,area_sq_miles,population_density,income_percentile,transit_access_tier,is_tj_gap,log_population_density
10028,Manhattan,45679,168125.0,168125.0,1.231224872465291,2.0,0.31551000496360315,144778.2931804951,0.941747572815534,medium,0,11.882965745810731
11427,Queens,25124,92129.0,92129.0,5.4054330584996775,0.0,1.5686701531582221,16016.113999120564,0.6310679611650486,low,1,9.681413054525784
11697,Queens,4123,134844.0,134844.0,10.037850780295958,0.0,2.0473920336282405,2013.78140203736,0.8689320388349514,low,1,7.6082659831545625
11004,Queens,14296,109865.0,109865.0,7.351747141053136,0.0,0.9510616352393366,15031.623051856552,0.7718446601941747,low,1,9.617977988601595
10282,Manhattan,5960,250001.0,250001.0,0.8361764128513721,0.0,0.06866698598060542,86795.71288717065,0.9951456310679612,low,0,11.371324029967885
10027,Manhattan,65068,64220.0,64220.0,0.5087890487678723,5.0,0.9428269382803129,69013.72601708009,0.19902912621359223,high,0,11.142075181345866
11432,Queens,63730,75395.0,75395.0,2.9441289120868634,3.0,2.023412951176067,31496.289456365426,0.2815533980582524,medium,0,10.357656772107024
10452,Bronx,76745,37854.0,37854.0,2.3692657988645935,5.0,0.9822036553727765,78135.52676188413,0.038834951456310676,high,0,11.266212918707488
10469,Bronx,69855,76018.0,76018.0,6.671916642264297,3.0,2.4257935686236864,28796.761976590355,0.2961165048543689,medium,1,10.268052953958357
11225,Brooklyn,56544,85201.0,85201.0,2.5970647934798192,7.0,0.8748350128251458,64633.90144548491,0.3932038834951456,high,0,11.076509813931319
11207,Brooklyn,93445,55419.0,55419.0,3.38820376104299,12.0,2.71993664014842,34355.57969280525,0.1262135922330097,high,1,10.444548827860697
11423,Queens,29105,80870.0,80870.0,4.217645525451378,0.0,1.4073791539557738,20680.283574041492,0.33495145631067963,low,1,9.936984395073452
10280,Manhattan,8668,206250.0,206250.0,1.2648835305446895,0.0,0.1067695845779134,81184.16901467538,0.970873786407767,low,0,11.304487861865145
10465,Bronx,46457,90255.0,90255.0,6.637465934282577,0.0,3.9240757048620236,11838.966292734533,0.6116504854368932,low,1,9.379236061536522
11201,Brooklyn,69251,169285.0,169285.0,0.3689244139677448,12.0,1.3690910318355853,50581.73517297306,0.9466019417475728,high,0,10.831365594937713
10009,Manhattan,58341,87963.0,87963.0,0.312854244130481,1.0,0.6167155260265742,94599.53177421074,0.5922330097087378,low,0,11.457418376316038
11358,Queens,36496,88729.0,88729.0,3.755263637896678,0.0,1.9566453144042866,18652.33301678462,0.6019417475728155,low,1,9.833780123141219
10455,Bronx,42940,36701.0,36701.0,2.0212190253870963,5.0,0.70129333825803,61229.727501276924,0.02912621359223301,high,0,11.022404425852942
10310,Staten Island,25824,106118.0,106118.0,3.933865294951174,0.0,1.8024129706422016,14327.460144052826,0.7378640776699029,low,1,9.570003058248101
10177,Manhattan,0,,86543.0,0.7903342629908777,0.0,0.0020929650181027953,0.0,0.5024271844660194,low,0,0.0
10154,Manhattan,0,,86543.0,0.5994153961971781,0.0,0.004780765498431438,0.0,0.5024271844660194,low,0,0.0
11360,Queens,19510,100250.0,100250.0,5.290021118089993,0.0,1.3782773445944325,14155.351298864272,0.6990291262135923,low,1,9.557918657409504
11439,Queens,2171,,86543.0,2.8102350120558572,0.0,0.14881124747334698,14588.951015875595,0.5024271844660194,low,0,9.588088284134608
11366,Queens,12967,117402.0,117402.0,3.599086689447214,0.0,1.5236961494682395,8510.226927150405,0.8058252427184466,low,1,9.049141385928518
10308,Staten Island,29996,122654.0,122654.0,2.656871685961475,1.0,2.210336597766599,13570.783757690571,0.8300970873786407,low,0,9.5157481928042
11424,Queens,0,,86543.0,1.2097952399412704,0.0,0.01894927363627375,0.0,0.5024271844660194,low,0,0.0
11210,Brooklyn,60398,83261.0,83261.0,4.895690039735215,2.0,1.6487780967654282,36631.97620012587,0.3592233009708738,medium,1,10.508704102816916
11109,Queens,7388,198773.0,198773.0,0.564000806864085,0.0,0.04860979683554088,151985.8234543842,0.9660194174757282,low,0,11.931549108270705
11430,Queens,448,,86543.0,5.794876489685234,0.0,7.471450135211268,59.961586023130444,0.5024271844660194,low,1,4.110243928479747
10271,Manhattan,0,,86543.0,1.2423286085524115,0.0,0.0026173593781116545,0.0,0.5024271844660194,low,0,0.0
10461,Bronx,50900,65023.0,65023.0,6.130949977198554,4.0,2.388148092855146,21313.586101415764,0.2087378640776699,medium,1,9.967146910827138
10457,Bronx,79375,44911.0,44911.0,3.620240662883546,3.0,1.3186817984600134,60192.686433297196,0.0825242718446602,medium,1,11.005322749273683
11238,Brooklyn,58462,132957.0,132957.0,1.774699152156733,7.0,1.9368212460168495,30184.509861315,0.8592233009708737,high,0,10.315117282302548
11216,Brooklyn,59913,95000.0,95000.0,1.989875505852164,2.0,0.9618863106888232,62286.986865521845,0.6553398058252428,medium,0,11.039523858983303
11373,Queens,99433,71470.0,71470.0,1.9543927242052601,3.0,1.5117613871506872,65772.94594579353,0.24757281553398058,medium,0,11.093979080630618
10463,Bronx,69373,72952.0,72952.0,6.066290862357018,3.0,2.896360235216435,23951.785816040247,0.2669902912621359,medium,1,10.083839914072152
11378,Queens,37828,84762.0,84762.0,2.3797059004731507,0.0,2.481963914534984,15241.156319183383,0.36893203883495146,low,0,9.631820309991829
10304,Staten Island,45843,71506.0,71506.0,3.9129935749536515,2.0,3.4981909198913663,13104.773595782937,0.2524271844660194,medium,1,9.480808144597715
10040,Manhattan,41581,64022.0,64022.0,3.55414682345572,4.0,0.5669922472293846,73336.0997494871,0.18932038834951456,medium,1,11.202821895567777
11435,Queens,58424,79430.0,79430.0,2.508872629051289,2.0,1.5106376778470476,38675.05812728407,0.32038834951456313,medium,0,10.562976034531362
10171,Manhattan,0,,86543.0,0.7064873828066653,0.0,0.004814815417815664,0.0,0.5024271844660194,low,0,0.0
11418,Queens,36304,84927.0,84927.0,1.3875573969084771,4.0,1.6595327133693392,21876.037578248284,0.3737864077669903,medium,0,9.993192853322162
11372,Queens,66995,77133.0,77133.0,2.7400428725247328,4.0,0.738616489350233,90703.36360746028,0.3106796116504854,medium,0,11.415360745281799
10303,Staten Island,25993,79429.0,79429.0,2.9099181053791336,0.0,3.1839974409306304,8163.63721460865,0.3155339805825243,low,0,9.007567572648755
10039,Manhattan,30512,48792.0,48792.0,1.330776413442083,2.0,0.2991715368294173,101988.31186737341,0.10194174757281553,medium,0,11.532623301162026
11219,Brooklyn,94737,55685.0,55685.0,3.931639225227005,7.0,1.4924131625019013,63479.070260397355,0.13106796116504854,high,1,11.058481281451286
10458,Bronx,78741,42107.0,42107.0,4.883453242521888,3.0,1.22093971043886,64492.12792963953,0.06796116504854369,medium,1,11.074313953381159
11375,Queens,75320,104319.0,104319.0,0.23419169777969548,4.0,2.6355527685225812,28578.445060776503,0.7233009708737864,medium,0,10.260443034247636
11211,Brooklyn,65691,105183.0,105183.0,1.062156855320144,6.0,1.4955872178192653,43923.21572244037,0.7330097087378641,high,0,10.690221057971375
10470,Bronx,15558,81134.0,81134.0,7.317144576342918,1.0,1.43823461887638,10817.428391589321,0.3446601941747573,low,1,9.289006291535404
10472,Bronx,63820,43125.0,43125.0,4.290210203351087,4.0,1.0775699470140505,59225.853669031334,0.07766990291262135,medium,1,10.989130327296689
11415,Queens,21379,88632.0,88632.0,1.4558227356399598,1.0,0.5601117032699883,38169.172104755635,0.5970873786407767,low,0,10.549809654630227
11104,Queens,26825,84716.0,84716.0,1.356095199415896,2.0,0.4372157087070531,61354.15417558455,0.3640776699029126,medium,0,11.024434459252157
10037,Manhattan,18333,51250.0,51250.0,0.5557215219633983,0.0,0.2328101487398945,78746.56710297632,0.11650485436893204,low,0,11.274002662280193
11217,Brooklyn,42569,158314.0,158314.0,0.7763982482857341,8.0,0.7402274355255531,57508.000861622335,0.9223300970873787,high,0,10.959696751258713
11228,Brooklyn,42325,80737.0,80737.0,5.138082932829501,1.0,1.4972166950834704,28269.121055746953,0.3300970873786408,low,1,10.249560732806057
10029,Manhattan,74848,38308.0,38308.0,1.0725118163352882,3.0,1.172296579147173,63847.32441550817,0.043689320388349516,medium,0,11.064265618602768
11368,Queens,107060,71798.0,71798.0,1.8756161192330927,4.0,2.671996792604332,40067.413365287444,0.25728155339805825,medium,0,10.598343606272415
11367,Queens,42210,75804.0,75804.0,1.4366481087036012,0.0,1.9108498769686852,22089.64739132761,0.2912621359223301,low,0,10.002909602971032
11206,Brooklyn,89231,57280.0,57280.0,1.5929523233128817,9.0,1.4009817911302138,63691.76285154619,0.14563106796116504,high,0,11.061826222100255
10007,Manhattan,7802,250001.0,250001.0,0.8323548778026989,7.0,0.15989519437175395,48794.46208908859,0.9951456310679612,high,0,10.79539259753971
10456,Bronx,86958,35676.0,35676.0,2.525935435115375,1.0,1.0766963342251097,80763.7188275402,0.019417475728155338,low,0,11.299295500976605
11417,Queens,30091,86330.0,86330.0,2.501991437381475,5.0,1.1134916891453182,27024.0005321431,0.4223300970873786,high,0,10.20451766219818
11416,Queens,26660,85544.0,85544.0,1.886507626632728,0.0,0.6596246803730564,40416.9231280464,0.4029126213592233,low,0,10.607028607352648
11374,Queens,46128,86333.0,86333.0,0.7484881211487723,1.0,0.9440455757491276,48862.04774954439,0.42718446601941745,low,0,10.796776720057194
11428,Queens,18898,84977.0,84977.0,5.5610465890912755,0.0,0.8316871149850489,22722.48741083325,0.38349514563106796,low,1,10.031154356251031
11355,Queens,79802,53700.0,53700.0,2.4365258910211303,0.0,1.7166044409061065,46488.28704991387,0.12135922330097088,low,0,10.746977179009154
10025,Manhattan,93223,109195.0,109195.0,0.5117747209341125,5.0,0.8888448585374312,104881.07019417964,0.7669902912621359,high,0,11.560591856936327
11103,Queens,35357,92787.0,92787.0,2.081530749739059,2.0,0.6921106228284005,51085.764087118034,0.6456310679611651,medium,0,10.841280722818803
11414,Queens,31090,98209.0,98209.0,3.7244457861741065,1.0,2.3774765698361024,13076.890176100987,0.6747572815533981,low,1,9.478678310479369
11419,Queens,46938,91231.0,91231.0,2.4162412842058,2.0,1.126541960577072,41665.55853450499,0.616504854368932,medium,0,10.63745413244108
10019,Manhattan,44276,121835.0,121835.0,0.8947567560706311,8.0,0.6657734527652124,66503.10224312008,0.8252427184466019,high,0,11.105018912607795
10111,Manhattan,0,,86543.0,0.905177740202592,0.0,0.009563574871201581,0.0,0.5024271844660194,low,0,0.0
11385,Queens,103865,87365.0,87365.0,1.8106422281321912,4.0,3.6471226810006594,28478.61426243622,0.5825242718446602,medium,0,10.256943821278158
11232,Brooklyn,26681,87517.0,87517.0,2.4172934688641345,2.0,1.2415282979451052,21490.448541656773,0.587378640776699,medium,0,9.975410392746804
10003,Manhattan,53825,153750.0,153750.0,0.12582517428873372,7.0,0.5717052474273577,94148.16505919711,0.9029126213592233,high,0,11.452635665848389
10016,Manhattan,54297,153065.0,153065.0,0.10032634806698004,2.0,0.5492173201470155,98862.50489235423,0.8980582524271845,medium,0,11.501495439321259
10152,Manhattan,0,,86543.0,0.5679188768198473,0.0,0.004796615240253497,0.0,0.5024271844660194,low,0,0.0
10153,Manhattan,0,,86543.0,0.6436191095924642,0.0,0.004741852745693731,0.0,0.5024271844660194,low,0,0.0
11364,Queens,36417,101222.0,101222.0,5.09850441775099,0.0,2.508971418006311,14514.712977056479,0.7087378640776699,low,1,9.582986995270051
10020,Manhattan,0,,86543.0,1.0174289328732975,0.0,0.018051949498538365,0.0,0.5024271844660194,low,0,0.0
10115,Manhattan,0,,86543.0,0.9412809146714408,0.0,0.002555152631183334,0.0,0.5024271844660194,low,0,0.0
10311,Staten Island,0,,86543.0,1.2763593424116626,0.0,0.04693280028262745,0.0,0.5024271844660194,low,0,0.0
11451,Queens,0,,86543.0,3.121270445154308,0.0,0.07153538601382138,0.0,0.5024271844660194,low,1,0.0
11203,Brooklyn,76853,68028.0,68028.0,3.969009868085317,0.0,2.1389854387795526,35929.6508553374,0.22815533980582525,low,1,10.489345994481138
10454,Bronx,40368,27500.0,27500.0,1.5595079839717287,4.0,1.060046699952184,38081.3411350848,0.0048543689320388345,medium,0,10.547505966403252
11422,Queens,33085,108519.0,108519.0,7.258699420133436,0.0,2.1520646313375353,15373.608914076736,0.7572815533980582,low,1,9.640472655868392
11229,Brooklyn,79802,72556.0,72556.0,6.647356427117472,3.0,2.062921641291412,38683.97054094747,0.2621359223300971,medium,1,10.563206445472279
10168,Manhattan,0,,86543.0,0.5285780731304157,0.0,0.005100908767374193,0.0,0.5024271844660194,low,0,0.0
11106,Queens,40657,85573.0,85573.0,1.3478775359625137,2.0,0.8624138769205537,47143.25811311749,0.4077669902912621,medium,0,10.760967501496769
11101,Queens,39007,116807.0,116807.0,0.3787462916204061,13.0,2.685231684052928,14526.493274921131,0.8009708737864077,high,0,9.583798221028564
10279,Manhattan,181,250001.0,250001.0,0.9248705260456259,1.0,0.00417177009734513,43386.85876174875,0.9951456310679612,low,0,10.677934928917157
11231,Brooklyn,39704,138485.0,138485.0,1.0315070519087157,1.0,1.45078468000962,27367.25893723714,0.8737864077669902,low,0,10.217139187926522
10459,Bronx,49753,39276.0,39276.0,3.0378800108689257,5.0,0.8313646196041763,59844.98116324467,0.04854368932038835,high,1,10.99952956024776
11363,Queens,7515,110833.0,110833.0,6.349899015941417,0.0,0.8777592231383329,8561.573381286651,0.7815533980582524,low,1,9.05515605261103
11692,Queens,23247,49507.0,49507.0,8.830337636606151,2.0,1.1146605445814155,20855.676746618734,0.10679611650485436,medium,1,9.94542940362059
11359,Queens,0,,86543.0,6.055617008984953,0.0,0.2503387641434883,0.0,0.5024271844660194,low,1,0.0
11005,Queens,2195,91719.0,91719.0,7.407255717794687,0.0,0.1834528956399913,11964.924251222925,0.6262135922330098,low,1,9.389818243595904
10167,Manhattan,0,,86543.0,0.7726204501405894,0.0,0.0047861546116003805,0.0,0.5024271844660194,low,0,0.0
10169,Manhattan,0,,86543.0,0.7433948240819355,0.0,0.002083315311644692,0.0,0.5024271844660194,low,0,0.0
10103,Manhattan,0,,86543.0,0.86057414856881,0.0,0.009565853824366737,0.0,0.5024271844660194,low,0,0.0
10112,Manhattan,0,,86543.0,0.9306754012612768,0.0,0.009600499000242093,0.0,0.5024271844660194,low,0,0.0
11236,Brooklyn,95174,82813.0,82813.0,5.428162842490072,2.0,3.598907329523777,26445.24887296663,0.35436893203883496,medium,1,10.182869607681527
11212,Brooklyn,87946,40060.0,40060.0,4.247968132118801,7.0,1.545368197445804,56909.41495066211,0.05339805825242718,high,1,10.949233642919422
11249,Brooklyn,45353,121400.0,121400.0,0.3880956422833311,0.0,0.714702328259171,63457.18798827494,0.8203883495145631,low,0,11.058136511125285
11356,Queens,26956,91445.0,91445.0,4.307440004447829,0.0,1.581461833314797,17044.98928279497,0.6213592233009708,low,1,9.74367022235947
10475,Bronx,42771,62383.0,62383.0,7.774585012392201,0.0,1.3048176452458955,32779.29307274176,0.16990291262135923,low,1,10.397582792854003
11371,Queens,0,,86543.0,3.80809457360964,0.0,1.0953996911946202,0.0,0.5024271844660194,low,1,0.0
10031,Manhattan,60305,65067.0,65067.0,1.168878742001852,4.0,0.6691315780388714,90124.2774653459,0.21359223300970873,medium,0,11.408955953254866
11233,Brooklyn,82711,62034.0,62034.0,3.4900520847631697,5.0,1.348930903354717,61315.96495736163,0.16019417475728157,high,1,11.023811836610166
10030,Manhattan,30781,42738.0,42738.0,0.7182522258271015,2.0,0.27725996962084754,111018.55072008035,0.07281553398058252,medium,0,11.61746159739828
10312,Staten Island,63345,111434.0,111434.0,2.487204368494696,3.0,6.9248811537305235,9147.449406532447,0.7864077669902912,medium,0,9.121339680142015
11434,Queens,67611,76668.0,76668.0,4.916997544682242,0.0,3.286369929261867,20573.155626209653,0.3058252427184466,low,1,9.93179098587981
11433,Queens,37777,71177.0,71177.0,3.6401155562484333,1.0,1.5308682808163423,24676.845469588832,0.24271844660194175,low,1,10.11366117556955
10460,Bronx,61101,36067.0,36067.0,4.256897406573465,3.0,1.5139621572768154,40358.34033652678,0.024271844660194174,medium,1,10.60557812984752
11691,Queens,68704,57027.0,57027.0,9.101366448143931,4.0,2.7816313942677113,24699.174786991116,0.1407766990291262,medium,1,10.114565598987433
11239,Brooklyn,16047,35675.0,35675.0,4.45640899979682,0.0,1.934438843578929,8295.428957739108,0.014563106796116505,low,1,9.023580455146769
10002,Manhattan,75517,46525.0,46525.0,0.015793563248707506,5.0,0.8222873294609808,91837.72787731302,0.08737864077669903,high,0,11.427789359947367
10005,Manhattan,9238,211810.0,211810.0,1.3417952625395277,3.0,0.07286644398552715,126779.89338734392,0.9805825242718447,medium,0,11.750215626566318
10006,Manhattan,4475,209972.0,209972.0,1.1994160654996713,3.0,0.09676949903425415,46243.90995778488,0.9757281553398058,medium,0,10.741706681917266
11413,Queens,45072,114766.0,114766.0,6.254436910975972,0.0,3.0332555635338014,14859.282067050839,0.7912621359223301,low,1,9.606447299723555
10466,Bronx,74061,66328.0,66328.0,7.760018107701695,4.0,2.016507782273619,36727.35639854362,0.21844660194174756,medium,1,10.511304389610567
10013,Manhattan,28215,159474.0,159474.0,0.39038881583339713,8.0,0.5443672058510678,51830.82246089468,0.9271844660194175,high,0,10.855759572844073
10451,Bronx,48975,37111.0,37111.0,1.4665803147492968,4.0,1.0600283800218473,46201.59320544854,0.03398058252427184,medium,0,10.740791205482665
10014,Manhattan,29772,167254.0,167254.0,0.5854859314082298,4.0,0.48488061884494105,61400.68058591701,0.9368932038834952,medium,0,11.025192484866793
11361,Queens,30402,108391.0,108391.0,4.8640390364170685,0.0,1.7324992316899952,17548.059730072066,0.7524271844660194,low,1,9.772755650824662
11102,Queens,28349,102996.0,102996.0,2.023945785291378,2.0,0.7018577081145436,40391.37801329586,0.7135922330097088,medium,0,10.6063963831129
10001,Manhattan,29079,123393.0,123393.0,0.6215468520327883,7.0,0.6240205085049029,46599.42999256655,0.8349514563106796,high,0,10.749365047379461
11105,Queens,38507,100306.0,100306.0,2.887736984218114,1.0,1.634259048577804,23562.35997806486,0.7038834951456311,low,0,10.067448241267146
10173,Manhattan,0,,86543.0,0.7041938091230188,0.0,0.004747793747253125,0.0,0.5024271844660194,low,0,0.0
10170,Manhattan,0,,86543.0,0.6223936386777951,1.0,0.00962203405566992,0.0,0.5024271844660194,low,0,0.0
10174,Manhattan,0,,86543.0,0.5596466733689073,0.0,0.005105715835657522,0.0,0.5024271844660194,low,0,0.0
11357,Queens,42341,97754.0,97754.0,4.805439922616248,0.0,2.8328630738882703,14946.363059434603,0.6699029126213593,low,1,9.612290179277041
10453,Bronx,78270,35482.0,35482.0,3.5121725385013103,3.0,0.9021264439541101,86761.67351544955,0.009708737864077669,medium,1,11.370931779535765
10468,Bronx,79825,46624.0,46624.0,4.799906532805784,3.0,1.0645194709983958,74986.88579658708,0.09223300970873786,medium,1,11.225081856760077
10301,Staten Island,39799,84937.0,84937.0,4.488866495199413,2.0,3.7625864510050935,10577.564268156166,0.3786407766990291,medium,1,9.266584993761175
11215,Brooklyn,70922,180773.0,180773.0,1.8863289412013078,7.0,2.2113430151544153,32071.912640404007,0.9563106796116505,high,0,10.375767109904134
10128,Manhattan,59000,148705.0,148705.0,1.189513827759276,2.0,0.45355354248479346,130083.86987072893,0.8932038834951457,medium,0,11.775942361586475
11213,Brooklyn,69630,62040.0,62040.0,2.9091282312525135,2.0,1.0761071153794701,64705.45450807303,0.1650485436893204,medium,0,11.077616236070781
10467,Bronx,96304,47806.0,47806.0,6.044344499452565,7.0,2.3304212387962315,41324.717779239516,0.0970873786407767,high,1,10.629240291666987
11223,Brooklyn,78566,63950.0,63950.0,6.458668675583654,6.0,2.069968585138813,37955.16538949373,0.18446601941747573,high,1,10.544187230484665
11412,Queens,41350,98418.0,98418.0,4.973907717757958,0.0,1.6449721410564404,25137.203827320773,0.6844660194174758,low,1,10.132144032786734
11429,Queens,27933,98232.0,98232.0,5.826288995388678,0.0,1.3206125565206124,21151.548091890352,0.6796116504854369,low,1,9.95951565437557
11226,Brooklyn,100022,81084.0,81084.0,3.5278440644257216,7.0,1.30261707831281,76785.42041652916,0.33980582524271846,high,1,11.248783086008597
10038,Manhattan,23342,115121.0,115121.0,0.973552394216281,4.0,0.28864063991780026,80868.723152247,0.7961165048543689,medium,0,11.300594782716221
11222,Brooklyn,41418,123963.0,123963.0,1.1915586746044522,2.0,1.6025157200787943,25845.6122963733,0.8446601941747572,medium,0,10.159934818983794
11377,Queens,83545,73292.0,73292.0,2.158947755103388,5.0,2.5318509441096024,32997.59813837737,0.27184466019417475,high,0,10.404220358891058
10462,Bronx,75452,63460.0,63460.0,5.176064883705517,5.0,1.5035563519585502,50182.35592015912,0.1796116504854369,high,1,10.82343869532787
10309,Staten Island,34918,123638.0,123638.0,0.5840318639966819,3.0,7.33115527064387,4762.960094409959,0.8398058252427184,medium,0,8.468834553951854
10069,Manhattan,6669,226151.0,226151.0,0.3538036580919738,0.0,0.041002626644536515,162648.1166149541,0.9854368932038835,low,0,11.999350500684498
10474,Bronx,11188,41279.0,41279.0,3.2323934274238573,0.0,1.5378785530647796,7274.956775815529,0.05825242718446602,low,1,8.892330598968297
10119,Manhattan,0,,86543.0,0.593507118083507,0.0,0.025460304463186787,0.0,0.5024271844660194,low,0,0.0
10199,Manhattan,0,,86543.0,0.6678231041633529,0.0,0.025256507520206722,0.0,0.5024271844660194,low,0,0.0
10036,Manhattan,30589,100225.0,100225.0,1.2326747590217444,4.0,0.44723249021206724,68396.19363408818,0.6941747572815534,medium,0,11.13308707402754
10110,Manhattan,0,,86543.0,0.7488379924003028,0.0,0.010313022763698765,0.0,0.5024271844660194,low,0,0.0
10065,Manhattan,31047,160938.0,160938.0,0.36155774843484806,2.0,0.4173845135766993,74384.64770517833,0.9320388349514563,medium,0,11.217018295023735
11694,Queens,21430,103792.0,103792.0,9.379167857330051,3.0,1.7473286223402127,12264.435965856617,0.7184466019417476,medium,1,9.41454050158525
11362,Queens,18156,118989.0,118989.0,6.403111449722118,0.0,2.091995131763233,8678.796486824163,0.8155339805825242,low,1,9.068753361161114
10307,Staten Island,14821,138807.0,138807.0,1.6481914863274916,2.0,1.6137513596836104,9184.190557649341,0.8786407766990292,medium,0,9.12534774404799
10314,Staten Island,93539,104655.0,104655.0,0.7702510191007427,0.0,13.550304467372623,6903.092120566722,0.7281553398058253,low,0,8.839869575745903
10306,Staten Island,57249,97746.0,97746.0,2.513942419237309,5.0,7.267626200464317,7877.2625917858095,0.6650485436893204,high,0,8.971862675266001
10032,Manhattan,55579,56588.0,56588.0,2.1388908908419832,5.0,0.672636857433276,82628.53779985334,0.13592233009708737,high,0,11.322122496067742
10302,Staten Island,19693,76089.0,76089.0,3.182530406496488,0.0,1.1932202657670452,16504.07771723574,0.30097087378640774,low,1,9.711423352984825
10024,Manhattan,62576,182614.0,182614.0,0.39480575000095414,3.0,1.0415024250011327,60082.43331736069,0.9611650485436893,medium,0,11.003489430566923
11420,Queens,50060,98584.0,98584.0,3.3597471135618053,1.0,2.1077489360514856,23750.45677583357,0.6893203883495146,low,1,10.075399145511527
11369,Queens,33354,80577.0,80577.0,3.0893206107381688,0.0,1.083905195448222,30772.06395916138,0.32524271844660196,low,1,10.334395039542049
11411,Queens,20501,118393.0,118393.0,6.195120505980571,0.0,1.1793059235679484,17383.954061703473,0.8106796116504854,low,1,9.763360402028546
10026,Manhattan,37113,74140.0,74140.0,0.5263812125674782,4.0,0.38328928092520426,96827.64910726083,0.2766990291262136,medium,0,11.480698191328466
10033,Manhattan,53611,75585.0,75585.0,2.7704602972537855,3.0,0.5964421169061422,89884.66521796008,0.28640776699029125,medium,0,11.406293755220334
11221,Brooklyn,90750,85122.0,85122.0,2.6567173409826945,4.0,1.3809086666060086,65717.59754614689,0.3883495145631068,medium,0,11.093137232090076
11214,Brooklyn,88994,64286.0,64286.0,6.201182232000159,6.0,2.0242726206434223,43963.44597681361,0.20388349514563106,high,1,10.69113654027376
10034,Manhattan,39037,69786.0,69786.0,4.259698018592626,3.0,1.028350426688205,37960.795257039346,0.23786407766990292,medium,1,10.54433554499438
11205,Brooklyn,50205,86753.0,86753.0,0.8359072420210965,2.0,1.3167804657452726,38127.08443513014,0.5776699029126213,medium,0,10.548706413853752
10044,Manhattan,11998,106146.0,106146.0,0.6162415113495298,1.0,0.23006666573132226,52150.10163189643,0.7427184466019418,low,0,10.86190058449912
11204,Brooklyn,81368,67588.0,67588.0,4.896495283750466,4.0,1.594517687562092,51029.85099174791,0.22330097087378642,medium,1,10.840185650222082
10075,Manhattan,23865,146556.0,146556.0,0.9852926613318892,0.0,0.18866191182720315,126496.12085908538,0.883495145631068,low,0,11.74797482688347
11230,Brooklyn,88252,69522.0,69522.0,4.874770261220074,7.0,1.8429152917529317,47887.171154815835,0.23300970873786409,high,1,10.776623804150908
11218,Brooklyn,71313,95916.0,95916.0,3.315765261861725,3.0,1.361942673536631,52361.234716889834,0.6601941747572816,medium,1,10.865940898962005
10305,Staten Island,41714,86294.0,86294.0,4.766638740026713,3.0,4.03611655820404,10335.182197652282,0.4174757281553398,medium,1,9.24340585334886
11220,Brooklyn,90792,64201.0,64201.0,3.572848816974815,5.0,1.727934147793531,52543.66904892526,0.1941747572815534,high,1,10.869418925848523
11208,Brooklyn,106901,59988.0,59988.0,2.612445817211696,7.0,2.676413421422317,39941.886086937186,0.15048543689320387,high,0,10.595205864923413
10012,Manhattan,21846,130938.0,130938.0,0.36228581401215804,4.0,0.3239477271378159,67436.80591006628,0.8495145631067961,medium,0,11.11896105819137
11354,Queens,52325,62833.0,62833.0,3.350567861696033,1.0,2.1745670630031566,24062.260893318813,0.17475728155339806,low,1,10.088441512070712
10010,Manhattan,31905,156127.0,156127.0,0.38616459346565357,3.0,0.36858394334517075,86561.0143253627,0.9077669902912622,medium,0,11.368616364666325
10278,Manhattan,0,,86543.0,0.7317483111093168,0.0,0.013772694422565098,0.0,0.5024271844660194,low,0,0.0
10172,Manhattan,0,,86543.0,0.7452903656922832,0.0,0.004793348101594922,0.0,0.5024271844660194,low,0,0.0
10021,Manhattan,39479,156712.0,156712.0,0.6994053839679178,3.0,0.35808972735931244,110248.90406975064,0.912621359223301,medium,0,11.610504923193073
10162,Manhattan,1769,110349.0,110349.0,0.8978249773864119,0.0,0.012797730766577899,138227.63052805094,0.7766990291262136,low,0,11.836664336211546
10023,Manhattan,67468,157866.0,157866.0,0.34054813480160695,6.0,1.005985417353379,67066.57853699292,0.9174757281553398,high,0,11.113456024923218
10471,Bronx,23400,108738.0,108738.0,6.664763800483166,1.0,1.7120911550662072,13667.49657619434,0.7621359223300971,low,1,9.522848943874187
11235,Brooklyn,81958,61689.0,61689.0,7.725780781118176,3.0,2.9010891189669494,28250.769500381455,0.1553398058252427,medium,1,10.248911371794605
11224,Brooklyn,48469,41449.0,41449.0,7.7963850965438475,3.0,1.5847847177403571,30583.964785519158,0.06310679611650485,medium,1,10.32826382031158
11237,Brooklyn,45233,82570.0,82570.0,2.5071576099658737,5.0,1.0144688233372707,44587.86604323455,0.34951456310679613,high,0,10.70523946655661
11209,Brooklyn,70756,92656.0,92656.0,5.066959400914872,3.0,2.1133175385741905,33481.0073301798,0.6407766990291263,medium,1,10.418763478904676
10473,Bronx,59778,50609.0,50609.0,4.629682302035107,0.0,2.149549959389887,27809.542057336952,0.11165048543689321,low,1,10.233170438492099
10011,Manhattan,49344,146571.0,146571.0,0.3599336149172137,8.0,0.6474674769244828,76210.77777433326,0.8883495145631068,high,0,11.241271293698587
11421,Queens,41937,89439.0,89439.0,1.1800467188430463,3.0,1.2848756223235698,32638.95685417481,0.6067961165048543,medium,0,10.393292487207525
11234,Brooklyn,87778,94434.0,94434.0,7.05121769994885,0.0,7.957530676583627,11030.80887370017,0.6504854368932039,low,1,9.30853809460408
11436,Queens,21364,86104.0,86104.0,4.050363748674442,0.0,0.7975367671126915,26787.47975136459,0.41262135922330095,low,1,10.195727214058934
11365,Queens,43258,85375.0,85375.0,3.028387960335506,0.0,2.505391699409891,17265.96284732196,0.39805825242718446,low,1,9.756550292752152
10017,Manhattan,14985,132518.0,132518.0,0.6719423740120627,2.0,0.29840074554615115,50217.70295035136,0.8543689320388349,medium,0,10.824142805025422
10165,Manhattan,0,,86543.0,0.5662082525614383,0.0,0.005041577774796058,0.0,0.5024271844660194,low,0,0.0
10018,Manhattan,8764,133042.0,133042.0,0.916013536264418,3.0,0.3440273558599281,25474.718363874214,0.8640776699029126,medium,0,10.14548105647153
10022,Manhattan,34340,171038.0,171038.0,0.35413255960717416,4.0,0.4445100532231906,77253.59584332668,0.9514563106796117,medium,0,11.254861686107844
11426,Queens,19638,107591.0,107591.0,6.668904802771471,0.0,1.3726634657695316,14306.49280739085,0.7475728155339806,low,1,9.568538651567133
11379,Queens,37378,92509.0,92509.0,1.236567249719407,1.0,2.2155844628650603,16870.492019819016,0.6359223300970874,low,0,9.733380613823604
